"title","latitude","longitude"
"Other",35.948186377096874,-83.940665619526
"Other",35.94815787862609,-83.94062614076206
"Other",35.94815787862609,-83.94062614076206
"Other",35.94777637630324,-83.94200689167151
"Other",35.948171080123586,-83.94169558778772
"Other",35.94832666666667,-83.94109833333331
"Other",38.03786977197792,-84.48325328536748
"Other",38.032584730571166,-84.5008091815603
"Other",38.03253288850005,-84.49995389216068
"Other",38.03296686153676,-84.50453661390068
"Other",38.03301346491839,-84.50457558975043
"Other",38.03301346491839,-84.50457558975043
"Other",38.03263803947534,-84.50497649617913
"Other",37.572252620046555,-84.29071309052807
"Hemlock",37.57230630613637,-84.29050530314845
"Other",37.57226297169697,-84.2907150183658
"White Oak",37.57253211460782,-84.29126294337613
"White Oak",37.57254644766224,-84.29123578600985
"White Oak",37.57254644766224,-84.29123578600985
"Hemlock",37.07692459694769,-82.99711327076237
"Hemlock",37.07692459694769,-82.99711327076237
"Other",35.94818369488786,-83.940610131327
"White Oak",37.07721658054467,-82.99920916565041
"Other",37.07667544487592,-82.99797912135999
"Hemlock",37.07672003660079,-82.99696843147557
"Other",37.07852822266247,-82.99468151301424
"American Chestnut",37.07725228745218,-82.99928133383672
"Other",37.07726498603549,-82.99932869158964
"Hemlock",37.07800745501842,-82.9940722324727
"Other",37.07667544487592,-82.99797912135999
"Other",37.07800745501842,-82.9940722324727
"Hemlock",37.07712718754735,-82.99880415208916
"Other",37.07850173584845,-82.99459308393578
"Hemlock",38.03325842603858,-84.50584771119478
"Other",41.8162137922289,-88.29924219296156
"Other",41.86650148131127,-87.6148634032231
"White Oak",41.8664627150091,-87.61489533827418
"Other",41.8160013109835,-88.29903574668644
"American Chestnut",37.23151547372083,-80.43645123958628
"American Chestnut",37.23150302659462,-80.43641301810781
"American Chestnut",37.23140357531349,-80.4364845995609
"Ash",35.94794807958971,-83.94040226012835
"Ash",35.94774154949556,-83.94008911222586
"Ash",35.9477791842408,-83.94012657933304
"American Chestnut",41.02440196,-73.9093469
"Other",37.95451463669348,-84.50076073415997
"Other",37.95357112776297,-84.50121821843507
"Other",37.95256169516402,-84.50212589472952
"American Chestnut",35.55920505,-83.09627799
"American Chestnut",35.16998215,-83.58167258
"American Chestnut",35.24475148,-83.77378705
"American Chestnut",35.16884545,-83.58087042
"American Chestnut",35.19485741,-83.61695137
"American Chestnut",35.03762588,-83.28556424
"Other",37.25410432558251,-85.36816257060073
"Other",37.15160651601585,-86.06392691851227
"Other",37.254297318903035,-85.36695876166723
"Other",37.2538312850867,-85.36657453522585
"Other",37.25364449437452,-85.36674217328928
"Other",37.9536853731032,-84.50190360665741
"Other",37.95362133536297,-84.50179983869614
"White Oak",37.40521270813223,-83.25410102597267
"White Oak",37.46359930842878,-83.14106650658245
"White Oak",37.463517542963345,-83.14100934200282
"White Oak",37.42493692841441,-83.16619916611447
"White Oak",37.47098520585105,-83.14584341446988
"White Oak",37.47761274007718,-83.12177863554835
"White Oak",37.47098520585105,-83.14584341446988
"White Oak",37.470918637735274,-83.14673577443058
"White Oak",37.46349520519139,-83.14093382105524
"White Oak",37.463371446391065,-83.14097489238078
"Other",37.46374008249255,-83.14104177996809
"White Oak",37.470766967197385,-83.14679939307565
"Other",37.47020621787521,-83.14718144022221
"Other",37.46374410580607,-83.14135107219512
"Other",37.46378387793662,-83.14026201151603
"Other",37.47020621787521,-83.14718144022221
"White Oak",37.47052229944381,-83.14681531869168
"White Oak",37.470401222852495,-83.14685203142757
"White Oak",37.46370575859906,-83.14119231894905
"Hemlock",37.47043973769757,-83.14697566449935
"White Oak",37.47047049928221,-83.14671431675846
"Other",37.78265389617326,-82.77894691571852
"Other",41.80521849546749,-72.24747005856806
"White Oak",41.805468779096195,-72.24608838564926
"White Oak",37.45380526412041,-83.92815873034664
"White Oak",37.45423395655812,-83.92805705786117
"White Oak",37.45399804789336,-83.92810760073729
"White Oak",37.45417356494577,-83.92819737092026
"Ash",38.036349127104536,-84.49153301313937
"American Elm",38.049026839470535,-84.48936235167504
"Ash",41.81011520330031,-72.25572941831523
"Other",41.80816092066635,-72.25415169268125
"Other",41.811803192870514,-72.24855761050456
"Other",41.807549712287084,-72.25352397195273
"Other",41.80770867508073,-72.25340779877477
"Other",41.80638089779932,-72.25072550594085
"Other",41.80781370032747,-72.25183811976784
"Other",41.80749468509276,-72.25348709157878
"Other",46.73319607,-117.18033117
"Ash",38.05103560447511,-84.49443725876928
"Ash",38.05106515068379,-84.49458813302637
"White Oak",38.03612742576565,-84.50274364099326
"White Oak",38.03620550319369,-84.50294874616387
"White Oak",38.03615936081673,-84.50269058354618
"Ash",44.47039514784186,-73.21992924443745
"Other",37.25231421876672,-87.2065767105092
"Other",36.84669576123063,-87.9340174422487
"Other",36.84709256052677,-87.93537950151408
"Other",36.847166087483735,-87.93530932302565
"Other",36.846736245822946,-87.93411274448776
"Other",36.84696243148003,-87.93525486261392
"Other",36.84676834851209,-87.93479343884432
"Other",36.84674186169807,-87.93496007107937
"Other",36.846789973822275,-87.9348169081732
"Other",36.84687148783062,-87.9338033684417
"Other",36.846664915826956,-87.93382314973319
"Other",36.84672560080592,-87.93386925020063
"Other",36.846212376874725,-87.93377109811449
"American Elm",38.05260524157253,-84.48794539094389
"Other",38.212899751996815,-84.51134925716045
"Other",38.21284627545458,-84.51152443893673
"Ash",38.21290528405291,-84.5114585571778
"Other",38.21284627545458,-84.51152443893673
"Other",38.21250949058515,-84.51142553247931
"Ash",38.21290528405291,-84.5114585571778
"Other",38.2128970697878,-84.51166718274774
"Other",38.212654413690984,-84.51148370288732
"American Chestnut",38.816414382344874,-84.62307642221882
"American Chestnut",38.81630625579396,-84.62297558792366
"Other",35.899436683427446,-83.96139138386022
"White Oak",35.97417518034202,-83.92448720530041
"Other",35.97428925804419,-83.92596971251436
"Other",35.97413704268259,-83.9252752718366
"White Oak",35.97417953893167,-83.92444076955684
"White Oak",35.974260550025825,-83.92491250306733
"Other",35.97438426691664,-83.92579042360552
"White Oak",37.724210447666906,-85.7087573503011
"White Oak",37.72605991460171,-85.70874880075986
"Other",37.72517973094967,-85.70837127984102
"White Oak",37.14613216932597,-84.15446047678977
"Other",36.97010901760028,-86.33824984551066
"Other",36.970169660669725,-86.34513306439513
"Ash",37.72595908030656,-85.70874343634183
"White Oak",37.72773193664637,-85.7071613521182
"White Oak",37.725945962628096,-85.70868141025836
"White Oak",37.72419259421315,-85.7087483816647
"White Oak",37.47549071445826,-83.0889368523686
"White Oak",37.467736573924746,-83.10067109771362
"White Oak",37.47228409167143,-83.09858995497515
"White Oak",37.475412469392154,-83.08890919208814
"Other",37.47643959864738,-83.09024134406998
"American Chestnut",43.24256046,-77.48469492
"Hemlock",43.24269594,-77.48401805
"American Chestnut",36.08825067,-81.84171769
"Other",20.88585679886945,-156.6626967398046
"White Oak",37.41364132150767,-86.30186199218622
"White Oak",37.4136128649464,-86.30207832910708
"White Oak",37.41373729429898,-86.30180633634916
"White Oak",37.523771943559424,-86.16805169739403
"White Oak",37.52953102350005,-86.16121332169152
"White Oak",37.72783214229879,-85.53273688078441
"White Oak",37.52933069601425,-86.16136344157732
"White Oak",37.728038756211966,-85.53306226626553
"White Oak",37.727933730965226,-85.53254887469627
"White Oak",31.49801060560299,-94.76235673771683
"White Oak",31.438277932423954,-94.73618351812186
"White Oak",33.0323748523677,-91.92199227408685
"White Oak",33.0322194518829,-91.92069618039943
"White Oak",33.03212683185286,-91.92173821860172
"White Oak",33.04443615957447,-91.92531930291273
"White Oak",33.03212683185286,-91.92173821860172
"Other",33.04417678158082,-91.92073347986855
"Other",33.46634290184217,-90.90144200258972
"Other",34.83700605068325,-83.92838039283203
"Other",34.83688295223528,-83.92848098610283
"Other",34.83688295223528,-83.92848098610283
"Other",34.83704193878295,-83.92821208453827
"Other",34.83720241891158,-83.92840936142998
"White Oak",37.52829980574318,-84.93083576679689
"Other",40.307103381529735,-105.64270592304472
"White Oak",37.52820479687073,-84.93055941544932
"White Oak",37.52842729449042,-84.93059118286234
"White Oak",37.571031334844946,-84.21436811805164
"White Oak",37.52101232766874,-84.23606836244858
"White Oak",37.57100388411206,-84.2144118715862
"White Oak",37.57070284805965,-84.21414189048504
"White Oak",37.52134211364903,-84.23616919674373
"White Oak",37.57059040482861,-84.2142371927241
"Other",35.826082960735846,-82.10774892017442
"Other",35.766432476263276,-82.26405045956584
"Other",35.82393000805349,-82.10858355485047
"Other",35.82376314330457,-82.10592191674012
"Other",35.82393000805349,-82.10858355485047
"Other",35.82619054246305,-82.10774313666123
"Other",35.82408718768118,-82.10433362990814
"Hemlock",35.766031025010875,-82.19389543876255
"Other",37.83158011161494,-84.32275051195977
"Other",35.765728522125414,-82.19406525612081
"Hemlock",35.765728522125414,-82.19406525612081
"American Chestnut",44.335355498818636,-69.99971532762312
"American Chestnut",44.388894299086544,-69.97251181869765
"American Chestnut",44.38919504177234,-69.97374865232965
"American Elm",43.13647703271651,-70.9376089275544
"American Chestnut",33.326444537409884,-85.89982744314325
"American Chestnut",40.35446260128203,-74.99295825145673
"American Chestnut",40.3543388424817,-74.99275121844839
"American Chestnut",40.35441897347602,-74.99283604330849
"American Chestnut",40.35377298019859,-74.99158521189818
"American Chestnut",43.19965725467235,-76.28937699530395
"Other",38.034534989891604,-84.50338058181526
"Other",38.03396929524656,-84.48912112050176
"Other",37.4948811158887,-84.22288890935873
"Ash",38.079542540980576,-84.4913174305898
"Ash",38.07949518322766,-84.4915008266312
"Hemlock",36.84093345425729,-84.34609014548765
"Hemlock",36.842234283719996,-84.34479145341025
"Other",36.83881660461131,-84.34570449412273
"American Elm",36.84294884096537,-84.34373784818159
"Hemlock",36.838914589059385,-84.34583357543157
"Other",37.49563712164526,-84.21999405146038
"Other",33.49206503483792,-85.81055690542404
"White Oak",36.839591763016614,-84.34598847300218
"Other",37.495707194355774,-84.22000218190645
"White Oak",33.49202467597415,-85.81057299867813
"Other",37.49109165746485,-84.23769738532997
"Other",35.94789506405215,-83.9404322673417
"Other",35.94699610493699,-83.9399332926459
"Other",35.9469284629784,-83.93994603313872
"Other",35.947969453442795,-83.94058850601682
"American Chestnut",35.647467705454346,-82.28339421570513
"American Chestnut",44.389394908253465,-69.97391310526987
"American Chestnut",35.656938334028844,-82.28592504754874
"Other",38.03149613089676,-84.50511806652369
"Other",38.03148816808875,-84.50502058498981
"Other",37.98884959429315,-84.41882226624006
"American Chestnut",35.54927743974658,-83.09405668646384
"American Elm",35.87128765418741,-84.09617892474317
"Other",35.951937501977156,-83.86278856865617
"Other",35.951437201254706,-83.86485090357704
"Other",35.95152726955829,-83.86473179755693
"Other",35.95629671219707,-83.86699825269034
"White Oak",35.95627003921236,-83.86714163440675
"Other",35.95628701259304,-83.86706375476987
"Other",35.95629519809834,-83.86702861728786
"Other",32.765415008210354,-117.16886364865783
"Ash",37.90290864188029,-84.36202213176001
"Ash",37.90495696946783,-84.36279888272692
"White Oak",37.90153375830306,-84.36164896943082
"Ash",37.90495508353962,-84.36307397678901
"Ash",37.90481493811859,-84.36306509197165
"Ash",37.90286684499488,-84.35949744131904
"Ash",37.90286684499488,-84.35949744131904
"Ash",37.90488795330347,-84.36321716268772
"Ash",37.90488795330347,-84.36321716268772
"Ash",37.90481746,-84.36303246
"Ash",37.90292180892106,-84.35947453968312
"Ash",37.90488105,-84.36298972
"Ash",37.90492303,-84.3633318
"Ash",37.90497193,-84.36294045
"American Chestnut",38.091102610377675,-78.49302878610649
"Hemlock",37.79575963042471,-83.65554294556719
"Other",37.7969776885936,-83.65411877639932
"Hemlock",37.79282747305724,-83.65503558896822
"Hemlock",37.79565460517797,-83.65570144735617
"Other",37.79553273230586,-83.6553093419258
"Other",37.792334868607846,-83.6552575417642
"Hemlock",37.79282747305724,-83.65503558896822
"Other",37.79559622522238,-83.65529811017555
"American Chestnut",42.92106652170692,-73.81214205182512
"American Chestnut",42.921015769283215,-73.8125111908408
"Other",35.94492745123426,-83.93864591613779
"Other",35.94482976015279,-83.93882160082826
"Other",35.94435932583729,-83.93948997378716
"Other",35.94428791202227,-83.93951076090703
"Other",35.944249606724775,-83.93936617307732
"Other",35.9445409197695,-83.93895822584996
"Other",35.94453790228436,-83.93874155365297
"Other",35.94803258541662,-83.94054288724679
"White Oak",37.7715009358132,-84.63057009511127
"Other",35.961378277312924,-83.91681307003266
"Hemlock",35.961785302530934,-83.91622055329746
"American Elm",37.78711935611138,-84.61358759054524
"Hemlock",41.822755935998465,-86.28325190364194
"Ash",37.76828643403739,-84.63165680885746
"White Oak",37.77002257764131,-84.63003591642214
"Other",37.76821137409449,-84.63106906980707
"Other",37.772538531606806,-84.62910778828396
"Other",37.77262000370563,-84.62908666588797
"Ash",37.768147503992324,-84.63108700707986
"Other",37.768147503992324,-84.63108700707986
"Other",35.948047014741604,-83.94203350729377
"Other",41.87105830297048,-88.09729280889788
"Other",35.94807754929271,-83.94187022598611
"Other",35.427977344985514,-83.82783690475284
"American Chestnut",44.45291191,-73.18984047
"Hemlock",35.427977344985514,-83.82783690475284
"Other",35.427977344985514,-83.82783690475284
"American Chestnut",40.32975660640777,-74.93925388909405
"White Oak",35.791246430050386,-82.46681967757871
"Other",37.979951179968275,-85.83541657151154
"White Oak",37.979802067032765,-85.83554375312458
"Other",35.94692351765553,-83.93982550137112
"Other",37.247211457002315,-93.31088104189753
"Hemlock",36.13674298863498,-81.89531721182344
"Hemlock",36.13663423344133,-81.89515946440575
"Other",38.04669174228258,-84.49864215808155
"American Chestnut",43.2051845826611,-73.76682814217523
"American Chestnut",40.330137563906916,-74.94265099063044
"American Chestnut",40.3301877295974,-74.9426204805029
"American Chestnut",40.33114129681171,-74.9426289462251
"American Chestnut",35.212371619451055,-82.59682131938878
"Other",33.59463346193879,-112.22625467005393
"Ash",35.95696013424169,-83.86831152260663
"Other",38.05631498809723,-84.50747572824778
"Other",38.057015547564305,-84.50746349066915
"Other",35.07797786037911,-85.06643065259333
"American Chestnut",38.31194379836163,-79.38355042606534
"Other",30.624515983175037,-87.91334118653054
"Other",30.56967107581959,-84.93946300827426
"Other",30.569675266771174,-84.93950701326591
"White Oak",30.569618269829608,-84.93988336071831
"White Oak",30.610679537086384,-84.91255617708426
"White Oak",30.610788376099066,-84.91258526228826
"White Oak",30.61146588533242,-84.91316394888322
"American Chestnut",38.00210184421204,-78.47859405919768
"American Chestnut",35.38655448242592,-82.89575720213622
"American Chestnut",35.497865905086975,-82.59372001521531
"American Elm",40.62333238780556,-76.96125408641711
"Other",42.4440445,-71.19922622
"American Chestnut",35.96597347,-82.46676426
"Other",30.3936122590959,-88.88607071720891
"Ash",38.27026092916566,-84.99009791769552
"Other",30.392857049620144,-88.8845034689539
"Other",30.396189861959215,-88.88666985564761
"Other",38.63392446659378,-90.28710993946557
"American Chestnut",37.8362114914114,-78.97295376293265
"American Chestnut",39.65081637917959,-79.83023293992221
"American Elm",37.90142320100023,-84.36069544412601
"American Elm",37.901773690281345,-84.3613431976031
"Hemlock",33.841573381828,-84.3865138851892
"Other",33.84118915538661,-84.38735970303824
"American Chestnut",35.465229917350655,-82.6294491347695
"American Chestnut",35.4600408068257,-82.63707423590368
"American Chestnut",35.4600408068257,-82.63707423590368
"American Chestnut",35.46125827826137,-82.64379702516146
"American Chestnut",35.457647438194094,-82.63846303344019
"American Chestnut",42.91427521039072,-73.80466279580612
"Hemlock",35.396643527816416,-85.61723970816062
"Other",38.01421968735569,-84.51062522836449
"Hemlock",37.85481225999999,-83.97121276999997
"Other",37.80510411135648,-83.654749598432
"Other",38.01407916474902,-84.50989390731277
"Other",38.01400532018208,-84.51011552483263
"Ash",40.81190974455402,-77.84325376160241
"Ash",40.81190974455402,-77.84325376160241
"Ash",40.811579078473905,-77.84324781045116
"American Chestnut",37.425905093585534,-78.62300402492156
"American Chestnut",37.50411868564552,-78.86627468287838
"American Chestnut",37.50519467055565,-78.86678882881893
"Other",42.420187834689784,-71.46945644176702
"American Chestnut",35.32738412,-86.05242661
"Other",37.875502629999986,-84.11470000999998
"American Elm",37.875502629999986,-84.11470000999998
"Other",37.875502629999986,-84.11470000999998
"American Chestnut",35.45964392371053,-82.6362893544907
"American Chestnut",35.50542935732334,-82.59686876096073
"American Chestnut",35.48267638779756,-82.60258907459918
"American Chestnut",35.481790378722806,-82.60281044066194
"American Chestnut",35.4506788077163,-82.6519714762295
"American Chestnut",33.78310926456827,-86.8161924788408
"American Chestnut",35.45416517652148,-82.69468121238303
"American Chestnut",35.450325971502295,-82.70930151462807
"American Chestnut",35.45114735610359,-82.70924946300937
"American Chestnut",35.447459695893755,-82.71718125798061
"American Chestnut",35.443187439847215,-82.71921261221424
"Other",35.94831465230888,-83.94124740625938
"Other",40.62212069,-76.18970586
"American Chestnut",39.20946819450529,-77.2143388196359
"American Chestnut",41.01035887279469,-75.05241082452147
"White Oak",35.95062969140111,-83.96787683738634
"Ash",40.33108517823791,-75.49064032490999
"American Chestnut",40.330145936897985,-75.49346646194903
"American Chestnut",40.331009193999606,-75.49405306674689
"American Elm",43.22155867241623,-77.05944975845242
"Ash",43.22123286783995,-77.05979467376793
"American Chestnut",35.39766331206578,-82.77429244488735
"Other",38.019850576507814,-84.51280813478422
"Other",38.01975876201905,-84.51283161222217
"Other",38.01975876201905,-84.51283161222217
"Other",38.01975876201905,-84.51283161222217
"Other",38.01975876201905,-84.51283161222217
"Other",38.01975876201905,-84.51283161222217
"American Elm",42.534945686387395,-71.55381602241802
"Other",38.01975876201905,-84.51283161222217
"Other",38.01975876201905,-84.51283161222217
"Other",38.05542541671363,-84.52787476599637
"Other",38.05542541671363,-84.52787476599637
"Other",38.05542541671363,-84.52787476599637
"Other",38.05542541671363,-84.52787476599637
"Other",38.05542541671363,-84.52787476599637
"Other",38.05542541671363,-84.52787476599637
"Other",38.05542541671363,-84.52787476599637
"Other",38.05282072710508,-84.53121719123251
"Other",38.05282072710508,-84.53121719123251
"Other",38.05282072710508,-84.53121719123251
"American Elm",43.22260108780416,-77.05857024535263
"Other",38.0331182518016,-84.5054124388782
"American Elm",42.534525627309954,-71.55313700444209
"Hemlock",43.220858280587215,-77.06141715876484
"Ash",43.22101745292844,-77.061457224262
"American Chestnut",39.64145915120807,-79.82581676922722
"Other",35.94816469400549,-83.94172439176252
"American Chestnut",38.16069989,-78.70408416
"American Chestnut",38.18671393,-78.77124869
"American Chestnut",38.18717946,-78.77089768
"American Chestnut",40.58222492,-75.49028415
"American Chestnut",38.18676759,-78.77063547
"American Chestnut",38.18651669,-78.77046429
"American Chestnut",38.18645163,-78.76912393
"American Chestnut",38.554349,-78.39773862
"American Chestnut",38.55365831,-78.39790071
"American Chestnut",38.552913,-78.3980545
"American Chestnut",38.33087829,-78.4947422
"American Chestnut",38.33048921,-78.4926368
"American Elm",38.90798363,-77.28754957
"Other",20.608553853836476,-105.23442333573962
"American Chestnut",38.16089716743507,-78.70443094529091
"American Chestnut",37.57836365610135,-79.15202960379342
"American Chestnut",37.591224554961165,-79.1324629728488
"American Chestnut",37.629546741990026,-78.98216991692686
"American Chestnut",37.58060263007654,-79.15633496835748
"American Chestnut",37.607870721293246,-79.16857707321566
"American Chestnut",37.93175127360777,-78.95120599314473
"American Chestnut",38.16087185408749,-78.70406138718008
"American Chestnut",37.590553960797926,-79.1320694424949
"Other",43.954775,-71.74526833333333
"Other",43.95477999999999,-71.74528833333333
"Other",43.95437666666667,-71.74657833333335
"Other",43.95436333333334,-71.746585
"Other",43.95402666666667,-71.747945
"Other",43.95401833333334,-71.74793500000001
"Other",43.953845,-71.74910333333334
"Other",43.953848333333326,-71.74911499999999
"Other",43.954176666666676,-71.75153
"Other",43.954176666666676,-71.75151666666667
"Other",43.953064999999995,-71.75230333333334
"Other",43.95319333333334,-71.75225499999999
"Other",43.95321166666666,-71.75090499999999
"Other",43.95321166666666,-71.75090333333333
"Other",43.95312666666667,-71.74938999999999
"Other",43.953136666666666,-71.74941166666667
"Other",43.953635000000006,-71.74733166666667
"Other",43.95364333333334,-71.74733333333334
"American Chestnut",43.86651551,-69.85210737
"Other",38.03111809,-84.49145042
"Other",38.01400734,-84.51011843
"Other",38.01481133,-84.51113727
"Other",38.0219475,-84.50063763
"Other",38.02994308,-84.42290096
"Other",38.05327024,-84.53004489
"Other",38.05470215,-84.52824949
"Other",38.10043567,-84.50189338
"Other",38.0967504,-84.5050998
"Other",38.09463943,-84.50075868
"Other",38.09504224,-84.50115551
"Other",38.09464309,-84.50025433
"Other",37.95341405,-84.50113751
"Other",37.95599798,-84.50415576
"Other",37.95577674,-84.50465867
"Other",37.99830636,-84.50043121
"White Oak",37.89773999,-84.36211894
"Other",37.89744672,-84.3634631
"Other",37.89603698,-84.36222565
"Other",38.04033601,-84.55963772
"Other",37.89773941,-84.36204204
"Other",37.8977644,-84.36179718
"Other",37.89871268,-84.36213918
"Other",38.01634501,-84.46355486
"Other",38.03193323,-84.42871733
"Other",38.03303655,-84.43154273
"Other",38.01582641,-84.52195157
"Other",38.02982601,-84.4227231
"Other",37.96337329,-84.46388693
"Other",37.96318526,-84.46399085
"Other",37.96375581,-84.46281352
"Other",37.96451155,-84.46260018
"Other",37.9652385,-84.46280483
"American Chestnut",37.91518854912176,-79.07158680267545
"American Chestnut",37.9142721137385,-79.07296495519492
"American Chestnut",37.91373537856891,-79.0735447314373
"American Chestnut",37.76172302666843,-79.29004996091061
"American Chestnut",37.50513054899639,-78.86684624485565
"American Chestnut",37.50418683051831,-78.86627124629808
"Other",41.73956391,-88.01750649
"American Chestnut",37.20290954741189,-79.97212106798833
"American Chestnut",36.62784678399249,-81.79584723904895
"Other",20.46569905045492,-105.29201183867741
"Other",20.4657568939808,-105.29203178093472
"Other",20.4657568939808,-105.29203178093472
"American Chestnut",39.49245769,-76.69227852
"American Chestnut",39.49195648,-76.69218281
"Other",38.05738611150352,-84.50967103250744
"Other",38.057442605530895,-84.50967866003933
"Other",38.05808210283337,-84.50988661505701
"Other",38.058093250764585,-84.50993170969608
"Other",38.05731398522673,-84.50875128627243
"Other",38.058582628181256,-84.51074659832241
"Other",38.05857122879294,-84.51076026082458
"Other",38.05919559676019,-84.5126795490128
"Other",38.05685747122504,-84.50997509084304
"Other",38.05445940237311,-84.52965256765907
"Ash",37.90244557,-84.3616989
"Ash",37.90246079,-84.36155394
"Ash",37.90249757,-84.36219399
"Ash",37.90254006,-84.36220536
"Ash",37.90213452,-84.36311129
"Ash",37.90325547,-84.36175859
"Ash",37.90337696,-84.36184525
"Ash",37.90332246,-84.36154708
"Ash",37.90374388,-84.36178986
"Ash",37.9037681,-84.36160021
"Ash",37.90415263,-84.36154254
"Ash",37.90398293,-84.36206664
"Ash",37.90388881,-84.36184683
"Ash",37.90380611,-84.36180082
"Ash",37.90369367,-84.36223152
"Ash",37.903981,-84.36229403
"Ash",37.9040097,-84.3622814
"Ash",37.90363799,-84.36225569
"Ash",37.90393894,-84.36257725
"Ash",37.90380016,-84.3624861
"Ash",37.90403255,-84.3623315
"Ash",37.90414163,-84.36249687
"Ash",37.90417261,-84.36285334
"Ash",37.90439184,-84.3624962
"Ash",37.90439376,-84.36276619
"Ash",37.90451363,-84.36266193
"Ash",37.90474372,-84.3625568
"Ash",37.90491223,-84.36259
"Ash",37.90460235,-84.36318345
"Ash",37.90475506,-84.36301536
"Ash",37.90473614,-84.36300515
"Ash",37.90480592,-84.36279638
"American Elm",42.0250917412732,-78.49309693097928
"American Chestnut",39.80740113653224,-75.48774727627215
"American Chestnut",37.48024325355652,-79.68109122484893
"American Chestnut",37.48029123995218,-79.6820219513771
"American Chestnut",37.47700184587154,-79.68987621374399
"American Chestnut",37.43646021470189,-79.74170261070108
"American Chestnut",37.432270939496746,-79.74843529060459
"American Chestnut",37.374102459323936,-80.52034520551611
"American Chestnut",37.37330303530895,-80.51899706021
"American Chestnut",37.37362334973865,-80.51957231022466
"American Chestnut",37.37386759839707,-80.52030145198155
"American Chestnut",37.373930881766015,-80.5208016001438
"American Chestnut",37.349692722817274,-80.53716894246688
"American Chestnut",37.34969691376886,-80.53622438579848
"American Chestnut",37.34967310916385,-80.53544042639484
"American Chestnut",37.3516413476666,-80.53358727142265
"American Chestnut",37.34979967590174,-80.53450651474347
"Ash",37.90499053,-84.36362379
"Ash",37.90493773,-84.36389654
"Ash",37.90356626,-84.36457577
"Ash",37.90491594,-84.36397064
"Ash",37.90429307,-84.3638351
"Ash",37.90425795,-84.36388262
"Ash",37.90495297,-84.36328247
"Ash",35.39760723713356,-85.62078072697447
"American Chestnut",37.25639475255337,-79.93432671409755
"American Chestnut",37.37891828179115,-80.15595076613143
"American Chestnut",37.37891828179115,-80.15595076613143
"American Chestnut",37.374609815922916,-80.15806518502548
"American Chestnut",37.34594953249893,-80.2500346117469
"Other",20.467194366895843,-105.29288024897653
"Other",20.46641030051971,-105.29239327981087
"Other",35.948186963830096,-83.94193137072394
"American Chestnut",38.8190871617187,-77.90965075611874
"American Chestnut",38.81942876,-77.90782892
"American Chestnut",38.81967313,-77.91151352
"American Chestnut",38.84038059,-77.9107915
"American Chestnut",38.83085191,-77.91505475
"American Chestnut",38.84290631,-77.93017628
"American Chestnut",40.647220159835946,-82.54497963790028
"Ash",38.03961517758485,-84.06189383946737
"Ash",38.038854191118084,-84.06457012615692
"Ash",38.03884426966678,-84.06460270109396
"Ash",38.038844269999984,-84.06460269999997
"American Chestnut",35.72149009447146,-82.22493639223484
"American Chestnut",35.71786425079751,-82.22255777575282
"American Chestnut",35.72051481812794,-82.22187188461629
"Ash",35.94531784,-83.97523041
"Ash",35.94430299944798,-83.97716562271488
"Other",35.945959766428864,-83.9729217813201
"American Chestnut",39.933017659969565,-78.96395294003092
"American Chestnut",39.9330383632704,-78.96419710487031
"American Chestnut",39.9330383632704,-78.96419710487031
"American Chestnut",39.93403564210975,-78.96473153501653
"Other",38.05433115925459,-84.5331430435968
"Other",38.014796949027115,-84.50895136230113
"Other",38.01479971505516,-84.50880811557593
"Other",38.014915217680866,-84.51060662053945
"Other",38.01497456155532,-84.51044577181759
"Other",38.01548476800138,-84.51060863219621
"American Chestnut",38.84524025026601,-77.84825842834809
"American Chestnut",38.84540009315949,-77.84833755351403
"American Chestnut",38.835001462175356,-77.82384454279935
"Other",38.01472121853196,-84.50921044692817
"Other",38.01461124796235,-84.51097668156447
"American Chestnut",38.84662280328464,-77.71537316038992
"American Chestnut",38.84651178497713,-77.71538045264568
"American Chestnut",38.84651178497713,-77.71538045264568
"American Chestnut",38.85092611428243,-77.71524508490945
"American Chestnut",38.85092611428243,-77.71524508490945
"American Chestnut",38.337962273544015,-78.35293172865953
"American Chestnut",38.43698662243638,-78.27914524830717
"American Chestnut",39.63795367166366,-79.81750368148072
"American Chestnut",39.63805249430205,-79.81775371365232
"American Chestnut",37.77241464707793,-76.44389712258842
"American Chestnut",37.76955901648641,-76.47714310332805
"American Chestnut",37.769492296537166,-76.47712508223623
"American Chestnut",38.362014186604284,-77.3434982915198
"American Chestnut",38.89888707086341,-77.67827410258137
"American Chestnut",38.907378860785535,-77.67175164080939
"American Chestnut",38.908139350860296,-77.67112215988121
"American Chestnut",38.901964905708006,-77.67859663821541
"American Chestnut",38.896339936218126,-77.67985786318563
"American Chestnut",38.88034479230538,-77.92864423252449
"American Chestnut",38.880395628548115,-77.92861246511147
"American Chestnut",38.87627600695833,-77.9263299052398
"American Chestnut",38.846979243717016,-77.9491477087866
"American Chestnut",38.8472115062539,-77.9502029903959
"American Chestnut",42.284992220850924,-71.67157891213118
"American Chestnut",42.27889371574137,-71.66341200477598
"American Chestnut",42.27687271315816,-71.66379799141703
"American Chestnut",42.2770702327064,-71.66451087228177
"Ash",37.59857216,-79.86148157
"American Chestnut",42.11154398977953,-72.44734601124418
"American Chestnut",42.11219182707566,-72.4474105518986
"American Chestnut",42.11204658267267,-72.44694137577761
"American Chestnut",39.79414435,-75.82618792
"American Chestnut",42.168166637459926,-71.8974717893376
"Other",41.73957338,-88.01760478
"Other",20.465754929571162,-105.29203109639782
"Other",20.466031548526633,-105.29236580247259
"Other",20.465970905340463,-105.29241765723778
"Other",20.466157546364336,-105.29255095663575
"Other",20.46642123132412,-105.29249886418432
"Other",20.466423421030697,-105.29249697868487
"American Chestnut",39.79416503,-75.8266234
"American Chestnut",37.22531887250359,-85.14530070234491
"American Chestnut",35.487083299118545,-82.65609025962898
"American Chestnut",35.605655713040015,-82.49131008990341
"American Chestnut",35.658153500441145,-82.45688192554047
"American Chestnut",35.66395947713001,-82.47921844020716
"American Chestnut",35.67560868806734,-82.4252741039567
"American Chestnut",42.04577305,-72.84967041
"American Chestnut",42.04957782,-72.85086702
"American Chestnut",42.04936325,-72.85067574
"American Chestnut",42.05106227,-72.85244355
"American Chestnut",42.05101033,-72.85238588
"Other",41.74349495679302,-72.43942947133671
"Other",41.74367022238834,-72.43871374062489
"Other",41.74370488155795,-72.43919192820083
"White Oak",38.70617089071615,-81.61913245377816
"American Chestnut",36.83935669254217,-81.31781179465476
"American Chestnut",42.91976347,-71.91047075
"American Chestnut",42.91994595,-71.91037695
"American Chestnut",42.92039909,-71.91037335
"American Chestnut",42.92258163,-71.90997607
"American Chestnut",36.74200176730449,-81.88244218945678
"American Chestnut",35.73928127068629,-82.32558804571845
"American Chestnut",35.72024085562278,-82.22251159146634
"American Chestnut",35.72076200045247,-82.22418311059681
"American Chestnut",35.72076200045247,-82.22418311059681
"American Chestnut",36.63596428002849,-81.97154039524679
"American Chestnut",42.92265249,-71.90976906
"Other",41.76184881016776,-72.42199435836861
"Other",41.76212558061049,-72.41884443915674
"Other",38.03031679712053,-83.53957646534177
"White Oak",38.03030996586944,-83.53963983252974
"Other",38.030517250334874,-83.5385907535288
"Other",38.032222338987545,-83.53781936697992
"Other",38.03334815431203,-83.53930480785998
"Other",38.03340238522555,-83.53938343011173
"Other",38.03359600718881,-83.53966388859185
"White Oak",38.03032857,-83.53967408
"White Oak",38.03047508,-83.53849422
"Other",38.03083915,-83.53767112
"Other",38.03135926,-83.53714136
"Other",38.03168387,-83.53738985
"Other",38.03169042,-83.5373432
"Other",38.03187578,-83.53755104
"Other",38.03314795,-83.53940959
"Other",38.03338168,-83.53955641
"Other",38.03469528,-83.53912607
"Other",38.03459765,-83.53898519
"Other",38.03458064,-83.53859644
"Other",38.03466413,-83.53865657
"American Chestnut",37.30309210721152,-80.27772054083671
"American Chestnut",37.30493943676101,-80.27597350075867
"Other",37.99496817207111,-84.55596849437465
"Hemlock",37.994890363175855,-84.55594408965294
"White Oak",38.00893594007263,-84.52932333975534
"Other",38.00888367351957,-84.52937370574736
"Other",38.0088119932406,-84.52924162667024
"Other",45.19013341520465,-89.70719707206796
"White Oak",37.81139823,-78.79339921
"American Elm",30.77994071415698,-91.06575689287024
"Florida Torreya",30.69360799158988,-84.85082756735837
"Florida Torreya",30.691580325393648,-84.8536232673422
"Florida Torreya",30.691274092561276,-84.85268566765343
"American Chestnut",35.81023341048119,-82.34786638997714
"American Chestnut",35.809074612367716,-82.34778391204993
"American Chestnut",35.806016013990906,-82.3469925765715
"American Chestnut",35.805368721518484,-82.34624692246535
"American Chestnut",35.80318167343345,-82.34315869406083
"American Chestnut",35.802257317151685,-82.3415300902746
"American Chestnut",41.58385209743081,-72.97660770832837
"American Chestnut",36.68398378420312,-80.44810979634565
"American Elm",40.00871973,-75.30078015
"American Elm",40.00881039,-75.30126589
"American Chestnut",35.60597443490811,-82.4910806772136
"American Chestnut",35.605644690837345,-82.49114345766836
"American Chestnut",35.66415217708392,-82.47915364809565
"American Chestnut",35.66408956426723,-82.47915280990533
"American Chestnut",35.675741205956484,-82.4254015088849
"American Chestnut",35.673141516778315,-83.88381678618852
"American Chestnut",35.67314260642573,-83.88389565989736
"American Chestnut",35.66865837204798,-83.88385919861857
"American Chestnut",35.668639303218264,-83.88389783919219
"American Chestnut",35.668639303218264,-83.88389783919219
"American Chestnut",35.66907713193043,-83.88288178488973
"American Chestnut",35.66859018526568,-83.88286854148272
"Other",35.71479806679833,-84.24022972591617
"American Chestnut",36.27728675961148,-82.35173447065274
"American Chestnut",36.683979006518314,-80.44754678390962
"American Chestnut",36.683979006518314,-80.44754678390962
"American Chestnut",35.4480090039181,-83.041839776638
"American Elm",42.98111967,-78.63316274
"Other",40.22937112025938,-105.75924715037063
"American Chestnut",42.61916114726554,-71.08777089318934
"American Chestnut",38.18018690220842,-78.70247418999551
"American Chestnut",35.44983793519013,-82.64240219265469
"American Chestnut",35.37477007139043,-82.79031990103684
"American Chestnut",35.45067453294568,-82.6515781973327
"American Chestnut",35.4474738194006,-82.71721470177427
"American Chestnut",35.4474738194006,-82.71721470177427
"American Chestnut",35.40307634513397,-82.75461810648697
"American Chestnut",35.37461286879645,-82.79023633346222
"American Chestnut",35.32165462154459,-82.82813083388174
"American Chestnut",41.02708631,-75.43597741
"Ash",45.44117821649097,-75.68165400600878
"Ash",38.1841658774353,-83.4262253127528
"American Chestnut",37.805876041446375,-83.66054216879527
"American Chestnut",40.94321609,-73.05532359
"American Chestnut",39.11430432,-77.85308216
"Other",37.90087502453281,-78.9862881135931
"Other",37.97257210597207,-78.89933223843472
"American Chestnut",35.70122131149815,-82.40662763834223
"American Chestnut",35.70130563344406,-82.40650643602237
"American Chestnut",35.70229876324134,-82.41106552079545
"American Chestnut",35.71353503971893,-82.42598799064982
"American Chestnut",35.72277638133217,-82.42799788721132
"American Elm",42.50086273070657,-71.5835825913321
"American Elm",42.50140055552358,-71.58354738733878
"American Elm",42.50147322662408,-71.58449588350167
"American Elm",42.50115190636599,-71.58465203835776
"American Elm",42.50361358750845,-71.58205515711715
"American Elm",42.48934957173922,-71.6191559593146
"American Elm",42.477596201973476,-71.59517241648547
"American Chestnut",37.326968503219376,-79.50005200698925
"American Elm",40.00502296,-75.25985693
"American Chestnut",41.17487237,-77.87850905
"American Chestnut",41.85535824395889,-73.9397009555939
"White Oak",41.77478773016849,-72.49740763172429
"Hemlock",41.77479250956637,-72.49714636744469
"American Chestnut",37.374076265876525,-80.51996517002631
"American Chestnut",37.37405283845716,-80.52011654719759
"American Chestnut",37.37394094004982,-80.5196136330073
"American Chestnut",37.37394094004982,-80.5196136330073
"American Chestnut",39.037871179207265,-79.68790370047063
"American Chestnut",39.03593156490385,-79.69592643909128
"American Chestnut",39.63789893783595,-79.817306203842
"American Chestnut",37.30503888804214,-80.27600501671459
"American Chestnut",37.378895063919366,-80.00039261773229
"Other",-3.7405446125229265,-73.02982826723999
"Other",-4.060938502665666,-72.73222862749614
"Other",-4.070020588118648,-72.73222452036359
"Other",-4.071306372065163,-72.73186937912621
"Other",-4.070161320272899,-72.73113721988418
"Other",-4.070161320272899,-72.73113721988418
"Other",-4.0714494930618175,-72.73198949179866
"Other",-4.0823588753157125,-72.72017972550609
"Other",-4.084104532379735,-72.72081691778519
"Other",-4.084054911512959,-72.72078741348602
"Other",-4.083270784471261,-72.71944488405504
"Other",-4.081910233948456,-72.72331447347321
"Other",-4.070120248947358,-72.72701131186702
"Other",-4.070120248947358,-72.72701131186702
"Other",-4.070120248947358,-72.72701131186702
"Other",-4.063398675065547,-72.73104216910221
"Other",-4.010774949569265,-72.84365320585002
"American Chestnut",42.36108313784223,-71.31768825470593
"American Chestnut",42.357639307195655,-71.31585706032004
"American Chestnut",37.77345957856866,-83.68524109372699
"American Chestnut",37.77354327033998,-83.68550229825422
"American Chestnut",37.77613551,-83.68598401
"American Elm",42.86117692,-85.38498219
"Other",37.88982675414336,-84.39549895011298
"Other",37.88861452139717,-84.3977737148147
"Other",37.88992415185821,-84.39546600923352
"Other",37.88982675414336,-84.39549895011298
"Other",37.88982675414336,-84.39549895011298
"Other",37.88982675414336,-84.39549895011298
"Other",37.89740193,-84.35953937
"Other",37.89020666390461,-84.39528940253369
"Other",37.89010943382782,-84.39562543303184
"Other",37.890026755164556,-84.39545363121225
"Other",37.89033310491395,-84.39564370558075
"Other",37.8903168440218,-84.39571268864385
"Other",37.89047484289658,-84.39571788542382
"Other",37.89050413420917,-84.39557828578715
"Other",37.89057655729157,-84.39534849495105
"Other",37.89057655729157,-84.39534849495105
"American Chestnut",39.49254378,-76.69489062
"American Chestnut",35.038946983437086,-83.2698130422116
"American Chestnut",35.038776411707545,-83.26973810799724
"American Chestnut",35.0358464336349,-83.27158254579014
"American Chestnut",35.0349518331094,-83.27288056731528
"American Chestnut",35.03505254167601,-83.27312925838238
"American Chestnut",35.03733925058975,-83.2668181882084
"American Chestnut",35.21160890817196,-83.18551070995925
"Ash",35.94664087988058,-83.9697408490665
"American Chestnut",37.77355533,-83.68523286
"American Chestnut",36.73663987,-83.73835888
"American Chestnut",36.73594789,-83.7388996
"Other",38.01472996245354,-84.50303488811699
"Other",38.01438021983394,-84.5030984387893
"Other",40.758216446303535,-96.67492004120412
"American Chestnut",43.00625322,-70.92752208
"American Elm",40.38718458,-75.74321984
"Other",37.88982675414336,-84.39549895011298
"Other",37.88982675414336,-84.39549895011298
"Other",37.88982675414336,-84.39549895011298
"Other",37.89052039854032,-84.39644870356135
"Other",37.89052039854032,-84.39644870356135
"Other",37.89048833776069,-84.39646295279674
"Other",37.89064939603013,-84.39669898719005
"Other",37.89064939603013,-84.39669898719005
"Other",37.89074834439707,-84.39674131580107
"Other",37.891365042922914,-84.39658323310725
"Other",37.891281768714904,-84.39660552896969
"Other",37.891281768714904,-84.39660552896969
"Other",37.8912458103503,-84.3966719136428
"American Chestnut",41.47133518945563,-73.08300565935026
"American Chestnut",41.47201030984658,-73.08247231885146
"American Chestnut",41.47177855022389,-73.08321436873923
"American Chestnut",39.047723100557036,-77.33382297686984
"American Chestnut",38.59101628888267,-77.37776242203766
"American Chestnut",38.863905868529216,-77.12031771436065
"American Chestnut",38.86463228616758,-77.12231520570546
"American Chestnut",38.86607439260824,-77.12537979714304
"American Chestnut",38.831309233828286,-77.13169732138248
"Other",22.25373993389377,114.13332526451867
"American Chestnut",35.397653547148586,-82.77431683622558
"American Chestnut",35.39764541670251,-82.7742000763144
"American Chestnut",35.39655887059438,-82.77379715822894
"American Chestnut",35.39655887059438,-82.77379715822894
"American Chestnut",35.398109187405,-82.77401181876917
"American Chestnut",41.286444780455234,-72.26991344250018
"Hemlock",33.804509284303094,-84.38114082113384
"Florida Torreya",30.58121790180968,-84.87781939104653
"Florida Torreya",30.580456489725577,-84.87734975301183
"Florida Torreya",30.58049684858935,-84.87734338276542
"Florida Torreya",30.58049684858935,-84.87734338276542
"Florida Torreya",30.579690216137635,-84.87821367577172
"Florida Torreya",30.579331051586735,-84.87887668431259
"Florida Torreya",30.578788071899282,-84.87837502740777
"American Chestnut",35.82881768237411,-81.90112302087424
"American Chestnut",35.8331624837926,-81.8990179058927
"American Chestnut",41.18602507,-74.79974585
"American Chestnut",41.18776878,-74.77687459
"American Chestnut",41.18953353,-74.77325132
"American Chestnut",41.20197802,-74.74805749
"American Chestnut",41.20905694,-74.73880351
"American Chestnut",41.21894129,-74.71858454
"American Chestnut",41.32453587,-74.65906376
"American Chestnut",36.43247094940062,-82.02809628106843
"American Chestnut",41.47163739897448,-73.08424400172483
"American Chestnut",38.39000354058891,-78.32649361349486
"Ash",33.81092940554198,-84.40127445009553
"American Chestnut",38.42436888258757,-78.7463633437443
"American Chestnut",38.425303590519746,-78.74512458227457
"American Chestnut",38.42674238610866,-78.74348516583325
"American Chestnut",38.4229806717843,-78.74746288180235
"Other",45.48111378219489,-122.63257772673167
"Other",45.48095976472411,-122.63168815534806
"American Chestnut",38.20597957718012,-83.41740239811566
"Ash",45.481429696125424,-122.63020816270506
"American Chestnut",38.31187389328918,-79.3833127152914
"American Chestnut",38.31280285961769,-79.38342017129006
"American Chestnut",38.405903466081625,-79.55705707900185
"American Chestnut",38.40551106728465,-79.55631125725765
"American Chestnut",38.409517323634034,-79.56029064960737
"American Chestnut",41.08532296,-74.55913649
"American Chestnut",41.08533096,-74.55908214
"American Chestnut",41.08950611,-74.56498532
"American Chestnut",41.09350043,-74.56456076
"American Chestnut",41.09065799,-74.56811599
"American Chestnut",40.40370144,-74.10671394
"American Chestnut",40.40291461,-74.10626265
"American Chestnut",40.37401162,-74.44132511
"American Chestnut",40.37353356,-74.43893924
"American Chestnut",40.37270363,-74.44359088
"American Chestnut",40.3726499,-74.44352505
"Other",41.48385033933644,-81.83235609653224
"American Chestnut",35.08636134,-82.95210097
"American Chestnut",35.94462492,-81.93321368
"Hemlock",45.482079838444925,-122.63301241223014
"American Chestnut",36.06606621,-81.97416661
"Other",45.48075168397788,-122.63097024534142
"American Chestnut",35.840803887728455,-81.99159367948955
"American Chestnut",35.94451854008803,-81.93342176273644
"American Chestnut",35.94467884398619,-81.93338513381958
"American Chestnut",36.067157643880755,-81.97582254193907
"American Chestnut",36.04199802040685,-81.84168216779999
"American Chestnut",36.081862058524116,-81.83000282392076
"American Chestnut",36.08186151370041,-81.83008580476216
"American Chestnut",36.08335562985025,-81.83043826379053
"American Chestnut",35.94458727169404,-81.93326351240457
"American Chestnut",36.06605651326111,-81.97429678410475
"American Chestnut",36.065975124981314,-81.97416946299558
"American Chestnut",36.064713648554,-81.89818952240226
"American Chestnut",36.04204324,-81.84173432
"American Chestnut",36.08350403,-81.82941801
"American Chestnut",36.08335497,-81.83066379
"American Chestnut",36.06458289086452,-81.897995900439
"American Chestnut",36.159185953471955,-81.61620788283797
"American Chestnut",36.15000315945237,-81.6122286581263
"American Chestnut",36.15679514132082,-81.60835043534786
"American Chestnut",36.15181641656547,-81.60460607156307
"American Chestnut",36.16191623999998,-81.60737613999997
"American Chestnut",38.31226289741537,-79.38351614408137
"American Chestnut",38.409261549858755,-79.56020037651021
"American Chestnut",36.33046964186833,-81.63019903943093
"American Elm",45.513505898458426,-122.7146835812579
"American Chestnut",36.33046645674513,-81.6302129533902
"American Chestnut",36.330474587191205,-81.63009728312643
"Hemlock",45.513458959800666,-122.71472683187827
"Other",41.490362042796704,-81.93772268616348
"Ash",45.51281556491322,-122.71577264193698
"American Chestnut",36.42898747235204,-81.1202675198029
"American Chestnut",36.42898747235204,-81.1202675198029
"American Chestnut",36.3304809155281,-81.63006358787568
"American Chestnut",36.402288638089225,-81.47050266161698
"American Chestnut",38.40545541144759,-79.5566385705765
"American Chestnut",36.429010313038184,-81.12021840185031
"American Chestnut",36.4343446819451,-81.10421047553523
"American Chestnut",36.33007376,-81.63023963
"American Chestnut",38.10585098810317,-79.8470839206873
"American Chestnut",38.10797278307202,-79.84918459326015
"American Chestnut",38.107303991017965,-79.84758717015372
"American Chestnut",38.107658000698414,-79.84556570656584
"American Chestnut",37.91325652044072,-79.81938147924824
"American Chestnut",37.91539713278218,-79.8158761673419
"American Chestnut",37.91610687043324,-79.81231729507428
"American Chestnut",37.91713294110998,-79.81032910764199
"American Chestnut",37.916684928385465,-79.80574806228262
"American Chestnut",35.29864680025288,-82.91100002832981
"American Chestnut",34.77820097937693,-85.0059763436066
"Other",31.144494451611436,-91.5003838018435
"Other",36.01179085,-80.00489526
"American Chestnut",35.57930105215772,-82.49456745654904
"American Chestnut",35.6214115117077,-82.26921488538595
"American Chestnut",35.61926268510112,-82.26399069659622
"American Chestnut",35.61932278334687,-82.26071211517068
"American Chestnut",35.57930105215772,-82.49456745654904
"American Chestnut",35.620159213464355,-82.26046007134231
"American Chestnut",35.627199802580876,-82.22324701965061
"Hemlock",36.95846466816678,-84.34470176704632
"Hemlock",36.95846466816678,-84.34470176704632
"American Chestnut",36.40234156980775,-81.4700629469766
"American Chestnut",36.40234156980775,-81.4700629469766
"American Chestnut",36.40259147625081,-81.47003847181934
"American Chestnut",36.42909886784519,-81.12041001215681
"American Chestnut",38.10225372671904,-79.84915886081741
"American Chestnut",39.62252464317501,-79.8418327916814
"American Chestnut",36.73593477,-83.73854697
"American Chestnut",36.73567149,-83.73891295
"American Chestnut",36.735687,-83.73892067
"American Chestnut",38.936598636246224,-77.26322229027492
"American Chestnut",38.934314106627305,-77.26210992790503
"Other",37.89057655729157,-84.39534849495105
"Hemlock",36.95832670204058,-84.34464426719056
"Other",36.96258634332285,-84.34644335888731
"White Oak",36.9576900964947,-84.34481894605265
"White Oak",40.95701119,-90.37881017
"American Chestnut",38.33877657543713,-78.35404124118234
"Ash",40.9570012,-90.37762129
"American Chestnut",38.940265257879105,-77.26381413645787
"American Chestnut",44.76185086422464,-68.81353561860452
"American Chestnut",36.20873930401747,-81.51324852377317
"American Chestnut",39.84156983908251,-78.7931141630549
"Ash",45.51212007649756,-122.71537684846922
"Ash",45.512137427037125,-122.71516621124252
"Ash",45.512376185548966,-122.71468819130465
"White Oak",40.82618144344615,-75.07178217179614
"White Oak",40.82691791936832,-75.07640001371044
"American Elm",40.82690631043243,-75.07653923712212
"American Chestnut",37.121714721468386,-80.12852258056414
"American Chestnut",37.03269484456352,-80.11119701907049
"American Chestnut",36.765448758412866,-80.40697149939872
"American Chestnut",36.65989427830713,-80.57512731298857
"American Chestnut",36.65989427830713,-80.57512731298857
"American Chestnut",36.68765359095921,-80.61068267569003
"American Chestnut",36.68975028212805,-80.60186969123836
"American Chestnut",36.689169416238265,-80.60953804299292
"American Chestnut",36.689293552224235,-80.6096481812006
"Other",40.08125062389471,-84.18359284730451
"American Chestnut",40.79489201,-77.92658961
"American Chestnut",40.79452159,-77.92750982
"Florida Torreya",30.560428728377968,-84.83810040176365
"Florida Torreya",30.560428728377968,-84.83810040176365
"Florida Torreya",30.560839609271437,-84.83821816750321
"Florida Torreya",30.560687561547905,-84.83791239567552
"American Chestnut",40.79375724,-77.9282428
"American Chestnut",40.79330207,-77.92831556
"American Chestnut",40.67970172,-77.8821955
"American Chestnut",40.67931494,-77.88273115
"American Chestnut",40.67851727,-77.88396811
"American Chestnut",38.36036633,-79.15517169
"White Oak",33.80902676687766,-84.40312655954146
"Other",38.02209441694337,-84.50138340787585
"Other",38.02186086462718,-84.50112843149425
"Other",38.02169293823946,-84.50111610434521
"Other",38.02191031751761,-84.50100641141913
"Other",38.021770869363785,-84.50116413940478
"American Chestnut",37.79973439,-79.25197146
"American Chestnut",37.75122977,-79.29839426
"American Chestnut",38.02147668,-78.26250589
"American Chestnut",36.32335437,-81.6009316
"American Chestnut",34.73627147268014,-85.23505367346596
"American Chestnut",34.73616762089984,-85.23512802094709
"Other",38.08599675143492,-83.8990394126124
"American Chestnut",37.26798236839219,-76.7204161920368
"Other",35.94839223262444,-83.9408850738387
"Other",38.02183083731993,-84.50085051416485
"Other",38.02096519365381,-84.50075169470415
"Other",38.021612412181064,-84.50097240369747
"Other",38.02119478524929,-84.5003513333754
"Other",38.02090600598729,-84.50033063881361
"Other",38.02098240095204,-84.50016458294495
"Other",38.02079427726325,-84.49952599947878
"Other",38.02082532443345,-84.49949895959074
"Other",38.02108102430515,-84.49871128864912
"Other",38.021041467517044,-84.4985511774715
"Other",38.021153105152756,-84.49854158646586
"Other",38.02042522558101,-84.49875183900284
"Other",38.02017589835168,-84.49827201813957
"American Chestnut",37.27022725160911,-76.72956780537658
"American Chestnut",36.61723587,-82.24913152
"American Chestnut",37.267940836061975,-76.72040873214297
"American Chestnut",36.62864926740213,-81.79671124562788
"American Chestnut",36.632307438208706,-81.78559573113647
"American Chestnut",38.551804823836825,-79.00332986384537
"American Chestnut",38.55721877891436,-79.0087480098745
"American Chestnut",38.5613414598988,-79.01178033098486
"American Chestnut",38.566489331460154,-79.01085379540828
"American Chestnut",38.56648828372226,-79.01069730527607
"American Chestnut",38.56734948236362,-79.01190740063694
"Hemlock",38.57785485688464,-79.03080138385205
"American Chestnut",38.61245275478681,-79.05359731063159
"American Chestnut",38.61400173049291,-79.06074137434275
"American Chestnut",38.613753290882904,-79.06162239618511
"American Chestnut",38.61932683739683,-79.05924704864533
"American Chestnut",38.6232387135165,-79.05857096433552
"American Chestnut",38.6248342087852,-79.05905476778658
"American Chestnut",38.627618257923636,-79.08422025859271
"American Chestnut",38.62793589014432,-79.08441321000372
"American Chestnut",38.629610301031384,-79.08598531976257
"American Chestnut",38.63224221862725,-79.08659795306538
"American Chestnut",38.637736891432326,-79.08777242533777
"American Chestnut",38.642387045583355,-79.08521602868949
"Hemlock",35.48473193,-82.97303319
"Ash",38.02488777521591,-84.50795303387245
"Ash",38.02546188823045,-84.50851989158551
"Ash",38.024846850929805,-84.50828055859031
"Ash",38.02495408201714,-84.50822180885875
"Other",38.02637772337743,-84.50942327886116
"Ash",38.02172975515631,-84.51147217255722
"Other",38.02522789224798,-84.50834476396861
"Other",38.025244601847895,-84.50834254936788
"Other",38.02517079,-84.5083662
"Other",38.025292726269015,-84.5083915349883
"Other",38.02508766300792,-84.5081570931566
"Other",38.02517240404899,-84.50829925023439
"Other",38.02515465273022,-84.50834697998658
"Ash",38.02447427411981,-84.50873970906498
"Other",38.0247083242341,-84.5098099806868
"Other",38.0254895764487,-84.50877114128113
"Other",38.02549211331363,-84.5087270295341
"Other",38.02610532000784,-84.50838836759884
"American Chestnut",35.95224141,-82.55978711
"American Chestnut",35.95227324,-82.55978316
"American Chestnut",35.95226127,-82.5597791
"American Chestnut",35.95202334,-82.55970009
"American Chestnut",36.01077256,-82.60956646
"American Chestnut",36.01027139,-82.60969283
"American Chestnut",35.78072856,-82.9581698
"American Chestnut",35.78077939,-82.95818401
"American Chestnut",35.78080844,-82.95820026
"Other",38.02101435143316,-84.50014709502878
"Other",37.90266691,-84.35972257
"Ash",37.90164587143208,-84.3602838455338
"Ash",37.90148719683094,-84.36049494900215
"Ash",37.90281656667395,-84.35952440843391
"Ash",37.90141125756792,-84.36052515596197
"Ash",37.901402371970846,-84.36034072198379
"Ash",37.90123481772645,-84.36053979218411
"Other",37.90144555,-84.36062708
"Ash",37.90127660151376,-84.36051355682719
"Ash",37.90073173589809,-84.36046376832235
"Other",37.90138166344499,-84.34977456162872
"Other",37.90167361035748,-84.36025447220015
"Ash",37.90123314134581,-84.36050986878979
"Ash",37.900726329570546,-84.3603180070262
"Ash",37.900545196643,-84.36087280519712
"Ash",37.90069946557088,-84.3607646786462
"Ash",37.900584203486105,-84.3608776233345
"Ash",37.90123314134581,-84.36050986878979
"Ash",37.90069946557088,-84.3607646786462
"Other",37.90091758,-84.36050438
"Ash",37.90014218673823,-84.3611793315789
"American Elm",37.901696912048294,-84.36039218686926
"Other",37.89977905472552,-84.36169444980953
"Ash",37.89923225533021,-84.3618606124859
"Ash",37.899160799605674,-84.36207535684515
"Ash",37.89999272,-84.36145804
"Hemlock",37.899787630804425,-84.36170184037955
"Hemlock",37.89933313153488,-84.36200536795367
"Other",37.901696912048294,-84.36039218686926
"Other",37.89872879631621,-84.36182775542547
"White Oak",37.900190348772234,-84.3611415290128
"American Elm",37.90201012689905,-84.36052657792473
"White Oak",37.89777221161676,-84.3620522227924
"White Oak",37.90241142738415,-84.36158962555635
"White Oak",37.89780783470524,-84.36210729189624
"Ash",37.89780041672093,-84.36232740067352
"Other",37.90175503394378,-84.3600937570136
"Other",37.90200873312131,-84.3611537120604
"Ash",37.898002965411074,-84.36257634319772
"White Oak",37.90256446362393,-84.36155083447028
"Ash",37.90253824557914,-84.36145610183883
"Ash",37.89780783470524,-84.36210729189624
"Ash",37.898002965411074,-84.36257634319772
"Ash",37.89878606399544,-84.36336372195284
"White Oak",37.8998173540811,-84.36246997684647
"Ash",37.90248061999483,-84.36181216508557
"Ash",37.89906398862404,-84.36334094040502
"Ash",37.89826020601941,-84.36289217330922
"White Oak",37.90037030823333,-84.36201341458072
"Ash",37.896959324454734,-84.3509760556084
"Ash",37.90109676778121,-84.36141553342748
"Other",37.900870246848,-84.36131159782815
"Ash",37.90107116106702,-84.36139717705953
"Ash",37.900079875288434,-84.36211131520976
"Ash",37.90107116106702,-84.36139717705953
"Ash",37.90140052795215,-84.3614536710869
"White Oak",37.90231633469267,-84.36199212454666
"Ash",37.90107116106702,-84.36139717705953
"Ash",37.90107116106702,-84.36139717705953
"Other",37.901937598397865,-84.36277281500806
"American Chestnut",35.95228043388198,-82.55990213722228
"American Chestnut",36.010745423879484,-82.60909309618418
"American Chestnut",36.010779412496845,-82.60920692242925
"American Chestnut",36.010779412496845,-82.60920692242925
"American Chestnut",35.78081825285757,-82.95812384233155
"American Chestnut",35.78066997699047,-82.95807832859732
"American Chestnut",35.27739684125576,-83.17967300845511
"American Chestnut",35.277390701903826,-83.17966908743796
"American Elm",37.9028252659192,-84.35969280228434
"Ash",37.90947809999999,-84.34595544999998
"Ash",37.90282569631722,-84.35969196746235
"Ash",37.9021617,-84.36028093
"Other",37.90036078,-84.36211278
"American Elm",37.90164707997629,-84.36031025852168
"Other",37.90163711832747,-84.36042949538918
"Other",37.90261243818528,-84.36214449944232
"Other",37.902459315568876,-84.36206580119628
"American Elm",37.901724320871665,-84.36033099897611
"Other",37.90158518127902,-84.36043258764255
"Ash",37.90366971868826,-84.36149306603181
"American Elm",37.902558194508686,-84.35959666043925
"Other",37.902558194508686,-84.35959666043925
"Ash",37.902558194508686,-84.35959666043925
"American Chestnut",43.29727748,-72.43155878
"American Chestnut",43.30018642,-72.43165329
"American Chestnut",43.30091496,-72.43164699
"American Chestnut",43.301839,-72.43134833
"American Chestnut",44.21629515,-72.60574308
"American Chestnut",44.21664688,-72.60587195
"American Chestnut",44.21671242,-72.60581906
"American Chestnut",44.21690081,-72.60534005
"American Chestnut",44.21700124,-72.60471524
"American Chestnut",35.44604299,-83.11587577
"American Chestnut",35.44591208,-83.11582535
"American Chestnut",35.44591255,-83.11579875
"American Chestnut",35.31093138,-83.1911375
"American Chestnut",35.31088875,-83.19115264
"Other",37.90273715,-84.3596985
"American Elm",37.90195348,-84.36019851
"Other",37.90161444,-84.36047997
"American Elm",37.90178919,-84.36058415
"American Elm",37.90223136,-84.36000774
"Ash",37.9017706,-84.36094848
"White Oak",37.90241932,-84.36184662
"White Oak",37.90244083,-84.36168065
"White Oak",37.9024335,-84.36162345
"Other",37.90254142,-84.36162842
"Other",37.90260895,-84.36175602
"Other",37.90257487,-84.36224325
"Other",37.9027201,-84.36220717
"Ash",37.90244671,-84.36155735
"Other",37.90188124,-84.362453
"Other",37.90210269,-84.36273575
"Other",37.90207862,-84.36271101
"American Chestnut",36.62859499454498,-81.79526209831238
"American Chestnut",35.310877799089354,-83.19112071775197
"American Chestnut",35.31099594201456,-83.19142824977934
"American Chestnut",35.31095130838017,-83.19143604494928
"White Oak",37.90223389,-84.36179272
"Other",37.90135512,-84.36056205
"Ash",37.90072377,-84.36037035
"White Oak",37.89795412,-84.36257273
"Other",38.01752089991981,-84.50649278246286
"American Chestnut",44.55012835,-73.26079913
"American Chestnut",44.55012068,-73.26084647
"American Chestnut",43.85254419412823,-70.13943482196902
"American Chestnut",43.85256523270519,-70.1393737178949
"Other",52.627757485073644,1.2720899283897802
"Other",37.90171367585464,-84.36029353186893
"American Chestnut",41.30257835,-75.15831715
"American Chestnut",41.31168451,-75.16022014
"American Chestnut",41.32552193,-75.14276912
"American Chestnut",41.35831064,-75.1287666
"American Chestnut",44.55011587,-73.26085649
"American Chestnut",35.88785796,-82.8327525
"American Chestnut",35.88936112,-82.83616191
"American Chestnut",35.88941928,-82.83624631
"American Chestnut",35.89066957,-82.83727863
"American Chestnut",35.89082922,-82.83744495
"American Chestnut",35.89073646,-82.83778656
"American Chestnut",35.89077492,-82.83780671
"American Chestnut",35.8912835,-82.84118645
"American Chestnut",35.49901158552198,-82.60717850186174
"American Chestnut",40.83088333333333,-77.51210333333333
"American Chestnut",39.12049535,-77.85306589
"American Chestnut",39.12253343,-77.85174156
"Florida Torreya",30.576769206701382,-84.87841081813431
"American Chestnut",38.27783456541437,-79.74092627882933
"American Chestnut",38.27783033255327,-79.74144243642664
"American Chestnut",38.27617582868624,-79.7420039401201
"Ash",37.895930071145195,-84.37048601624683
"Other",39.41072317600245,-74.36185950164548
"Florida Torreya",30.576741253054305,-84.8783576768682
"Florida Torreya",30.576456352165504,-84.87834887586988
"Florida Torreya",30.57628096084164,-84.87823806710995
"Florida Torreya",30.576379867299064,-84.8782146816001
"Florida Torreya",30.5763884168403,-84.87843420364416
"Florida Torreya",30.576278571999236,-84.87971378498233
"American Chestnut",38.90859278862921,-78.93391356803949
"American Chestnut",35.71769129022557,-82.22253221094815
"American Chestnut",35.721486238796004,-82.22492113717107
"American Chestnut",36.65040676019774,-80.51166851081001
"American Chestnut",37.22780011132101,-79.95187304921444
"American Chestnut",37.29235983457164,-80.3070743010196
"American Chestnut",37.289693383534704,-80.30635370880394
"American Chestnut",37.33201440892865,-80.20377430140991
"American Chestnut",37.33506403866907,-80.21571532830616
"American Chestnut",37.42670414041488,-80.28542677879359
"American Chestnut",37.42662593725829,-80.28548436246838
"American Chestnut",37.42662593725829,-80.28548436246838
"American Chestnut",37.42723534352837,-80.28645716615047
"American Chestnut",37.42838366426288,-80.28669965460922
"American Chestnut",37.37963074356073,-80.42752811692695
"American Chestnut",37.37960710659379,-80.42754957459907
"American Chestnut",37.37908017825091,-80.42441423989871
"American Chestnut",37.37908017825091,-80.42441423989871
"American Chestnut",37.37908017825091,-80.42441423989871
"American Chestnut",41.644600946494975,-71.8814540561958
"American Chestnut",41.64443884048764,-71.88160233206291
"American Chestnut",41.64446746468697,-71.8816805352195
"American Chestnut",41.64459109775875,-71.88071074902255
"Other",-3.740623360503223,-73.02983036271578
"American Chestnut",34.54792463,-84.39302527
"Other",39.69232280276687,-76.08871280222766
"American Chestnut",35.40737528,-82.75262905
"American Chestnut",34.54820378,-84.39379564
"American Chestnut",34.54812237,-84.39382432
"American Chestnut",36.628607944619496,-81.79679565139281
"American Chestnut",39.64003959208693,-79.01004686958996
"American Chestnut",39.64007940612699,-79.00966381661502
"American Chestnut",39.63835960723426,-79.01076863527206
"American Chestnut",39.66101811271129,-78.99011554203832
"American Chestnut",39.66100738387523,-78.99002778351212
"American Chestnut",39.66100738387523,-78.99002778351212
"American Chestnut",39.57859395541211,-79.20164192102774
"American Chestnut",39.57876523960342,-79.20165742754861
"American Chestnut",39.57601924430539,-79.20351066633984
"American Chestnut",39.576052897646626,-79.2034312897168
"American Chestnut",39.57633222456982,-79.20315418399795
"American Chestnut",34.54778766,-84.39322663
"American Chestnut",34.54712662,-84.39371021
"American Chestnut",34.54731837,-84.39321925
"American Chestnut",34.54731672,-84.39321859
"American Chestnut",37.3595992103567,-80.23440630182645
"American Chestnut",37.36036146063112,-80.23324406713269
"American Chestnut",37.36036146063112,-80.23324406713269
"American Chestnut",37.36036146063112,-80.23324406713269
"American Chestnut",37.36892663411551,-80.19006209455448
"American Chestnut",37.35565896149478,-80.28986818164614
"American Chestnut",37.356550879811266,-80.32113921836049
"American Chestnut",37.36030475705616,-80.31741882681875
"American Chestnut",37.36363090578221,-80.31720123261242
"American Chestnut",37.365159597282634,-80.31537900686293
"American Chestnut",37.24392182197165,-80.40374170064963
"American Chestnut",37.212655521032595,-80.38693992428517
"American Chestnut",38.16079775806345,-78.70427177294968
"American Chestnut",37.586397752200796,-79.14690893150787
"American Chestnut",37.93164419479476,-78.95104397095642
"American Chestnut",39.03391249015837,-79.6876306180653
"American Chestnut",39.033845979756705,-79.68753489673108
"American Chestnut",38.599125235377436,-80.72333729833431
"American Chestnut",38.5846138140546,-80.71963467642732
"Other",47.109013237102985,-119.29596226673507
"Other",47.108974596529364,-119.29605346184158
"American Chestnut",35.190969686987984,-82.62190994814281
"American Chestnut",35.19109994176327,-82.62223608799523
"American Chestnut",35.10605920575103,-82.62851044543332
"American Chestnut",35.10598498399845,-82.62842293836421
"American Chestnut",35.13252418491536,-82.27825946182224
"White Oak",36.33696951,-82.80544707
"Other",36.33665587,-82.80450587
"Ash",38.037171475624696,-84.49888955809594
"Ash",38.036562823725895,-84.49776051573873
"Ash",38.0375192826968,-84.49312951423646
"Ash",38.03760473619963,-84.4932033588034
"Ash",38.03807864900496,-84.49321534492493
"Ash",38.03844066340294,-84.49341592386783
"Ash",38.03842687517222,-84.49353788055897
"Ash",38.05116523060766,-84.4727025647503
"American Chestnut",36.11280928,-82.35821117
"American Chestnut",36.13952491,-82.23670274
"American Chestnut",36.13944742,-82.23665679
"American Chestnut",36.27885394,-82.34984251
"American Chestnut",36.27813657,-82.35012185
"American Chestnut",40.26596604850168,-81.40818455264103
"American Chestnut",40.27262999679918,-81.40625277541709
"American Chestnut",40.27366193480815,-81.40449416831267
"Florida Torreya",30.57625091171877,-84.87827796496904
"American Chestnut",35.24013742807809,-82.62982849970705
"American Chestnut",35.191466859574604,-82.6211474464113
"American Chestnut",35.191466859574604,-82.6211474464113
"American Chestnut",35.10564522355339,-82.62751434006042
"American Chestnut",36.15813255779087,-82.40229947500154
"American Chestnut",36.30912804565348,-82.44544332252948
"American Chestnut",36.278172475319614,-82.3502377142034
"American Chestnut",36.11250277611996,-82.35868231401066
"American Chestnut",36.11250742807622,-82.35872263096492
"American Chestnut",36.11267879608656,-82.35815626576762
"American Chestnut",36.2784055341373,-82.35003478832762
"American Chestnut",36.27832946836602,-82.3500291724525
"American Chestnut",36.19277324530873,-82.06088771119906
"Other",38.03971747871306,-84.5088577364427
"Other",37.90335719942851,-84.36190629385818
"Other",38.03976756058451,-84.50896904811682
"Other",38.03976756058451,-84.50896904811682
"Other",38.03977707404461,-84.50896234259429
"Other",38.03984006404694,-84.50882119134488
"American Chestnut",38.11840913262043,-79.84715541832135
"American Chestnut",38.117651157116626,-79.84834221199141
"American Chestnut",38.11586069878015,-79.84975917272256
"American Chestnut",38.11189685486081,-79.8525940161942
"American Chestnut",37.91654909964457,-79.85865019269274
"American Chestnut",37.916812291404156,-79.85733004294322
"American Chestnut",37.91682884566292,-79.85638028949485
"American Chestnut",37.91773761160478,-79.8566399608551
"American Chestnut",37.9197975062187,-79.85414718285189
"American Chestnut",37.95519164301265,-79.83337456367894
"American Chestnut",37.95781610071469,-79.83080416925236
"American Chestnut",37.962485994247686,-79.8271590472011
"American Chestnut",37.96664664525349,-79.82220123529417
"American Chestnut",37.97594485807975,-79.82374995954318
"American Chestnut",38.038317658973895,-79.77326491855064
"American Chestnut",34.78228841445854,-85.50157363534485
"Other",38.039994919708036,-84.50959702030244
"American Chestnut",23.41990808958506,113.16815486188341
"Other",23.388013606912818,113.14898645515846
"Other",38.038296410849355,-84.50803899214091
"Other",38.04017995022055,-84.50975535445335
"Other",38.04001017477181,-84.50964043856087
"Other",38.03830437365737,-84.5079684165162
"Other",38.03832943554785,-84.50801217005076
"Other",38.03832943554785,-84.50801217005076
"Other",38.04246477320608,-84.50706275187852
"Other",38.03836786657389,-84.5079049655092
"Other",38.04190938830193,-84.50798233047547
"Other",38.041980885935985,-84.50788099326613
"Other",38.041980885935985,-84.50788099326613
"Other",38.042202200448855,-84.50760871232744
"Other",38.042202200448855,-84.50760871232744
"Other",38.03811448164102,-84.51128186665895
"Hemlock",37.990574464237305,-84.5650620014263
"American Chestnut",40.20150135,-75.78048477
"American Chestnut",41.95430803,-78.86263111
"American Chestnut",41.9541857,-78.86212868
"American Chestnut",40.83101333333333,-77.51163333333334
"Other",38.0353189,-84.49077195
"Other",38.03414315,-84.48989475
"Other",38.0335264,-84.48961856
"Other",38.03529206,-84.48695672
"Other",38.03444105,-84.4877312
"American Elm",38.03446109,-84.4881522
"Other",38.03377173,-84.48865038
"Other",38.03185676,-84.49156866
"Other",38.03228896,-84.491305
"Other",38.03347122,-84.49122808
"Other",38.03396873,-84.49114691
"Other",38.03428536,-84.49109586
"Other",38.03443237,-84.49087091
"American Chestnut",36.674726936069014,-80.61431681744811
"American Chestnut",36.56878713987448,-80.88014971472404
"American Chestnut",36.63398120555713,-81.58843620687871
"Ash",43.07895085778374,-75.25776486850833
"American Chestnut",42.55808078687876,-75.15070290311719
"Ash",37.81703197866475,-84.72277731642566
"American Chestnut",42.6099295216078,-75.01214350580705
"American Chestnut",42.61199054777865,-75.00164425007533
"American Chestnut",42.61389852039759,-75.00270958996843
"American Chestnut",37.18437506355083,-80.16242494814112
"American Chestnut",37.18497122641391,-80.1627798379214
"Hemlock",37.18566147614008,-80.16800511635856
"American Chestnut",37.18590119857079,-80.16804727733151
"American Chestnut",37.185534699854614,-80.17013110227899
"American Chestnut",43.07661704257417,-75.24705187424574
"Ash",43.07711957957882,-75.24841988466237
"Ash",43.07729903612572,-75.24825040258024
"Other",38.0381813169296,-84.51136116885559
"Ash",37.90282591089945,-84.35968924169507
"Ash",37.90282591089945,-84.35968924169507
"Ash",37.90282591089945,-84.35968924169507
"Ash",37.90282591089945,-84.35968924169507
"Ash",37.90282591089945,-84.35968924169507
"Ash",37.90282591089945,-84.35968924169507
"Ash",37.90051099847806,-84.36172574766387
"Ash",37.90051099847806,-84.36172574766387
"Ash",37.8994848858918,-84.36238112867285
"Ash",37.89942608684105,-84.36238322414864
"Ash",37.8989256453122,-84.36326407835294
"Ash",37.8989256453122,-84.36326407835294
"Ash",37.89866408802373,-84.36322811998834
"Ash",37.89866408802373,-84.36322811998834
"Ash",37.89866408802373,-84.36322811998834
"Ash",37.89866408802373,-84.36322811998834
"Ash",37.89866408802373,-84.36322811998834
"Ash",37.89866408802373,-84.36322811998834
"Ash",37.89866408802373,-84.36322811998834
"Ash",38.014645278489226,-84.4975307677728
"Ash",38.035616842133955,-84.49469408028246
"Ash",38.037311914412335,-84.49478594594122
"American Chestnut",37.05285596199059,-80.63242122538446
"Hemlock",38.03307679019685,-84.4911707472843
"American Chestnut",35.17676581,-83.56662098
"American Chestnut",35.1746326,-83.57215257
"American Chestnut",36.788589390960325,-80.45721229173286
"American Chestnut",36.78854827772527,-80.45730390593452
"American Chestnut",35.1801900985047,-83.56069425128732
"American Chestnut",35.17745143737195,-83.5652970057759
"American Chestnut",35.178559860247354,-83.56317227714095
"American Chestnut",35.1744556613594,-83.5726610106263
"American Chestnut",35.174457170101974,-83.57259747580026
"American Chestnut",42.42359813772367,-75.07556987002033
"American Chestnut",42.423375137189794,-75.08102271712858
"American Chestnut",42.41441228430943,-75.09655497043867
"American Chestnut",36.78854827772527,-80.45730390593452
"American Chestnut",36.789489230175306,-80.46178051278038
"American Chestnut",36.790223568712165,-80.46229876585348
"American Chestnut",36.79015622012018,-80.46208720661743
"American Chestnut",35.07303671,-83.6286293
"American Chestnut",35.07296836,-83.62821159
"American Chestnut",35.09413389,-83.86249303
"Other",37.90265018589599,-84.35968894519317
"American Elm",37.901727547904386,-84.36030820019948
"American Elm",37.901727547904386,-84.36030820019948
"Ash",37.90174523372008,-84.36028892182219
"White Oak",37.902251752128734,-84.36163882732797
"White Oak",37.902406440151765,-84.3615866080712
"White Oak",37.902406440151765,-84.3615866080712
"Other",37.90243766274108,-84.36146255590427
"White Oak",37.90243766274108,-84.36146255590427
"Ash",37.90243766274108,-84.36146255590427
"Ash",37.90242823310001,-84.36206186198105
"Ash",37.90242823310001,-84.36206186198105
"Ash",37.90331151805623,-84.36170814566721
"Ash",37.903321450611486,-84.36176966883649
"Ash",37.90403156544818,-84.36266267680038
"Other",37.901985542884006,-84.36247458689321
"Other",37.901985542884006,-84.36247458689321
"American Elm",43.414238006848294,-93.53270958186457
"American Elm",43.41549705252369,-93.53211413146325
"Ash",43.411807674023706,-93.5322733876235
"Other",43.26603803787685,-93.63831083298999
"Other",43.26318278447097,-93.63864988097328
"Other",43.262999597977156,-93.63853731201368
"Hemlock",44.532708814409126,-72.82447792596446
"Hemlock",44.53194572594439,-72.82285301021562
"American Chestnut",35.0730227725907,-83.62845841802994
"American Chestnut",42.41910472516196,-75.08282717324334
"American Chestnut",42.41796373859273,-75.03043365671768
"American Chestnut",42.41805116184281,-75.03024690791501
"American Chestnut",42.41805116184281,-75.03024690791501
"American Chestnut",42.41893763192223,-75.02831429250075
"American Chestnut",35.38786725,-83.59774512
"American Chestnut",35.38498286,-83.60018337
"American Chestnut",35.38501238,-83.60022445
"American Chestnut",35.38884788,-83.59808701
"American Chestnut",35.35822077,-83.71793664
"American Chestnut",35.35816479,-83.71789776
"American Chestnut",35.33703807,-83.9213367
"American Chestnut",35.07317490413326,-83.62836588181892
"American Chestnut",35.09249514903416,-83.86003372267248
"American Chestnut",35.0925774593233,-83.86008493610086
"American Chestnut",35.389993367749625,-83.5988003109429
"American Chestnut",35.3888478968622,-83.59796664685345
"American Chestnut",35.358332362990225,-83.7179061491822
"American Chestnut",35.073219160582006,-83.62832204446534
"American Chestnut",35.07376821714926,-83.62803001895884
"American Chestnut",35.094224503296516,-83.86264812209072
"American Chestnut",35.09437240197798,-83.86258341379823
"American Chestnut",35.38882006894367,-83.59808097601271
"American Chestnut",35.336647038380924,-83.92220565125712
"American Chestnut",35.33665525264603,-83.92221093185611
"American Chestnut",35.33661066092116,-83.92218151137598
"American Chestnut",42.444827151524315,-75.11099346920392
"American Chestnut",35.36019084047094,-83.71745319113481
"American Chestnut",35.360286016981455,-83.71745101183998
"American Chestnut",35.32089031770389,-83.98171381101383
"American Chestnut",43.61712817572394,-71.20377684950009
"American Chestnut",43.617282528470845,-71.20378598577454
"American Chestnut",43.61781570133159,-71.20371909818724
"American Chestnut",43.61806154255161,-71.20784617967084
"American Chestnut",35.40762929,-82.75232454
"American Chestnut",36.68937124,-81.71794945
"American Chestnut",36.68875248,-81.71822204
"American Chestnut",36.68753412,-81.71869251
"American Chestnut",36.6867598,-81.71921621
"American Chestnut",36.68653844,-81.71913759
"Ash",37.833749223535726,-84.74757484168256
"American Chestnut",35.0640783,-84.50049045
"American Chestnut",35.1252576,-84.61811638
"American Chestnut",35.12501036,-84.61774425
"American Chestnut",35.17427806,-84.55914958
"American Chestnut",35.17428317,-84.55919619
"American Chestnut",35.20713516,-84.33731835
"American Chestnut",35.20713053,-84.33734714
"American Chestnut",35.20708715,-84.33732915
"American Chestnut",35.20710041,-84.3371867
"American Chestnut",35.13726424872857,-84.8516877762468
"American Chestnut",35.064825480836504,-84.50064992540004
"American Chestnut",35.1150495512738,-84.61398943335247
"American Chestnut",35.17418706327227,-84.58736565903256
"American Chestnut",35.17422939188329,-84.5590463933391
"American Chestnut",35.17422939188329,-84.5590463933391
"American Chestnut",35.20717739596516,-84.33743549518691
"American Chestnut",35.20708360246867,-84.33740791872548
"American Chestnut",35.206994921933116,-84.33748788208173
"American Chestnut",35.06720841399866,-84.49730076834977
"American Chestnut",35.06519746969926,-84.50043534867885
"American Chestnut",35.125586651298335,-84.61763354957533
"American Chestnut",35.125732538323035,-84.61779297337365
"American Chestnut",35.17465816814003,-84.55879577443427
"American Chestnut",35.20709684587568,-84.33734019294785
"American Chestnut",35.20709684587568,-84.33734019294785
"American Chestnut",35.20713594745398,-84.33725545190678
"American Chestnut",35.20354870244414,-84.32578858927295
